Pos,Oligo(5'->3'),Overall (kcal/mol),Tm-Dup (degC),Hybeff,fGC
5,CGTGTCGCGGCTCTGTACAT,-13.1,74.7,0.9945473497,0.6
29,GCTGCTACTGTTGGTTGCGT,-12.4,77.4,0.9913588035,0.55
54,TGCCACAACTTTTGCTGCTG,-12,69.7,0.9659424835,0.5
83,GCTGCTGTTGCAAGTGTTGC,-11.9,76.1,0.9778070538,0.55
106,GTCTTCCGGCTGCTGTTGCT,-18.2,83.3,0.9999980716,0.6
128,AGGGCGGCTCAATGGTCGTT,-16.6,75.6,0.9999735507,0.6
152,CGCGGTCTACTAACACGGCT,-15.3,69.8,0.9997719579,0.6
185,CGATTGGCGACGGTTTTCGT,-13.2,68.3,0.9957429221,0.55
223,GCGGTAATTTCGCATTGCTT,-15.3,67.7,0.9997473883,0.45
258,GGTAGAAGAATTCGTAGGAG,-16.9,58.9,0.9997713713,0.45
313,GGTTTCAAATTGGTTCGCGT,-16.1,66.3,0.9996679265,0.45
388,GTTGCTCCGCCGAAGGACTT,-23.1,74.5,0.999999997,0.6
417,TGTCGCTCCTTCCGCCTCAA,-16.2,79.3,0.9999223406,0.6
439,GGTGTATTAGGGGTGTGATT,-23.4,70,0.9999999891,0.45
461,GGACATTTCCAGCTCATTTG,-18.2,68.3,0.9999947554,0.45
501,GCTTCCTTGATGGCCCATCC,-14.4,81.2,0.9996530883,0.6
543,GGATCCCGCTAATTTGGCTT,-16.2,71.5,0.9999239464,0.5
579,CCTCGGATGTGATTGAGATG,-19.4,64.4,0.9999982279,0.5
601,GGATTTCTTTCAGGGCATTG,-16.8,68.3,0.999871029,0.45
625,GCCGATTACTTGGGCGATTT,-17.7,69.2,0.9999932267,0.5
647,CGAAGCGAATACGCGATTAT,-13.6,56.7,0.9935517287,0.45
714,ACGGAAGTGGTAGCACTCGC,-15.8,70.8,0.9998997156,0.6
819,ATCTGGCCAACAGCTCACAC,-16.3,71.7,0.9999432701,0.55
874,AAGTGGGAAGGCGGGGTAGA,-15.4,70.3,0.9993569195,0.6
941,GACTTGACGACTCGCATGCT,-13.3,68.8,0.9934265306,0.55
975,ATCCTCGACCGCAACACTCA,-10.6,70.3,0.6721398418,0.55
1040,TGCGATTCGAGTCCCACTCA,-11.4,73.3,0.9600592406,0.55
1081,GCTGATAGCGAAGGACAGAG,-11.6,64.1,0.92605321,0.55
1196,GGCTGCGCTGATAGTTATGT,-22.6,72,0.9999999785,0.5
1220,GCAGCTTATTGCTTCCCGTG,-10.5,76.2,0.8803422542,0.55
1278,ATATAGTGCATAGGGCAGGA,-20.2,67.7,0.9999997044,0.45
1452,GCCTAATCGCTATAGCTTGT,-14.6,69.4,0.9991525394,0.45
1594,AGAAGGTCGCAGTAGGTCGA,-20.6,70.4,0.9999998435,0.55
1669,CTAGCTAAATTTTGCTGGCC,-12.3,66,0.9778022981,0.45
1734,GCAATTTCCGTATAGGTTCG,-23,65.4,0.9999999811,0.45
1775,GTTGGGTCTCTCTGCTTTGT,-23.1,79.6,0.9999999917,0.5
1942,GGTCGTGTTGTGCTGCTTTT,-18.5,77,0.9999940798,0.5
1966,TCTCTTGCTTTCGCTTTGCT,-23.3,74.9,0.9999999967,0.45
1989,GCTTCTCGCTTTTGCTTTGC,-23.3,76,0.9999999973,0.5
2014,CCAGTTTCTTTGGGCGGCTA,-23.2,76.7,0.9999999944,0.55
2064,GGTTTTGGTTGTTGGATGGA,-23.7,69.9,0.9999999933,0.45
2086,CATTTGTCATAGCCGAGAGT,-12.5,67.6,0.9454060221,0.45
2143,CGGCAGCCGCATCAATAGGT,-10.1,73.1,0.8271882984,0.6
2244,GACTTGGAACTTCAGATCAG,-13.7,61.5,0.9820399516,0.45
2318,GCAGCAGCCGCTCTAGCTTT,-15.4,81.7,0.9999223208,0.6
2387,ACTCTGCCACATGGTCATCT,-19.4,74.6,0.9999982409,0.5
2418,TGTTCTGGGAGCCATGGCCT,-16.3,80.9,0.9999927101,0.6
2450,GTGGACGATGCCCATCAGCT,-14,76.3,0.9987846442,0.6
2506,TTGCGCTCGTTGGAACCGGA,-18.2,71.3,0.9999961813,0.6
2539,TGACTGCTCAATTTGGGCAA,-15.8,65,0.9998331204,0.45
2564,ATGACCAGCCCCCCCTTCTT,-15.7,83.7,0.9999083336,0.6
2676,ACGTACGTAGTTGTGTCTCA,-17.1,69,0.999970921,0.45
2711,TGGATCCCCAAGCAGCGTGT,-15.1,77.2,0.9998166332,0.6
2748,CATTTCTAAGCGGGTCAAAG,-19.5,60.3,0.9999958102,0.45
2820,GTAGTCGGCCACCACTCTGA,-10.2,78,0.7614419202,0.6
2842,AAAGGGACATTGACCGGTCT,-13.6,65.3,0.998670905,0.5
2918,GCCTTCATCCTCTCTGAATT,-14.9,72.2,0.9993291562,0.45
2948,CGGTAATGGTCTTTCTTCCT,-20.2,69.9,0.9999992121,0.45
2987,CTCGAAGAGCAGCCAGACTT,-11.1,69.5,0.8800807806,0.55
3148,ACCTCGTCTTCCTCGATTTT,-10.6,72,0.8022605632,0.45
3303,AGTACGGAATGATGGCGATT,-11.8,61.3,0.8186137363,0.45
3326,AACGACAGTCGCTAGTGTTA,-11.8,64.6,0.9405775135,0.45
3348,TTAACGTATCCTCCTCTTCG,-16.8,66.7,0.9998849167,0.45
3375,GTGGACTGACTGGCGCTTTT,-12.9,73.1,0.9808744594,0.55
3401,CATAGCCTGATTCGATGACT,-13.5,64.9,0.9847918195,0.45
3481,TGTAAACCCTTCGAATGCCT,-10.8,65,0.6294391998,0.45
3506,GGCTTTCAGAGTTCGTCCTA,-12.8,75.5,0.9775805713,0.5
3568,GATGAGAAGAGTACGACGCC,-14.8,63.2,0.9974682194,0.55
3669,CATATCCAACGGTGGTCATG,-10.5,65.4,0.7628332748,0.5
3692,AACGCCGACGGGTGTCATGT,-14.4,71.4,0.9994625552,0.6
3715,AGTGATCCCACAATCTTGCC,-15.6,71.6,0.9998727543,0.5
3795,CGCGGTGATAGAAGTAGTTG,-12,62.9,0.8596676512,0.5
3817,TGCATCTCCTCCTGATCCGT,-12.4,78.6,0.9770808739,0.55
3959,TGTCAATCCCGGCGTGGACT,-22.8,74.4,0.9999999977,0.6
3982,GCACTGCGTCCAGGATGTGT,-13,78.2,0.9960984521,0.6
4013,CTGCTGCTGGGCTCCCAAAA,-14.3,73.8,0.9991760696,0.6
4038,GTGAGGATGCTACCGGTTGT,-12.1,73.6,0.9432218861,0.55
4097,TTGCGTCTGCGTCAGCTGCT,-11.2,80,0.9868798254,0.6
4121,CTGCTGTTGCTGCTGTTGGT,-16.1,79.4,0.9999433643,0.55
4145,GAAGCCGTTTTGCTGCTGCT,-10.9,75.4,0.9073953447,0.55
4174,TGCTGCTGCGTCTGTTGCTG,-12.7,78.6,0.9928768199,0.6
4200,TTGTGTGGGACTGTTGCTGT,-22.6,74.4,0.9999999789,0.5
4260,GCCTCATGGTGAGACCGCTA,-18.4,76.6,0.9999986229,0.6
4303,AGTCAAACGTCGGTCTCGAT,-10.1,65.6,0.654054161,0.5
4355,CGTAACTCCTGTCAAGGCCA,-18.6,71.4,0.9999981243,0.55
4377,TGTAGTCGTTTCTGGCATCC,-11.3,74.5,0.8249115207,0.5
4577,TCGTACTCTCTTACCGTTCA,-17.6,70.2,0.999968575,0.45
4669,GTCGCTTTAATGTCCCTTCT,-12.4,72.7,0.9587140186,0.45
4698,TCTGCCATCACTTCTTCGAT,-15.3,70.7,0.999199421,0.45
4740,GCGGTGTTATTTAGCTTCGG,-22.1,70.1,0.9999999505,0.5
4763,CCATTTGCTCTTACAGCTTG,-11.2,69.1,0.9007776531,0.45
4804,GGCTTGTGAGCTTTGTGATT,-19.9,71.2,0.9999996089,0.45
4868,TTGTTCGTCCTTTGGATGGA,-20,70.1,0.9999996194,0.45
4895,GGACTTGCTTCACTGTGCTT,-17.4,74.1,0.9999653849,0.5
4977,GTTTCGGTGACTGCATGCTT,-17.2,72.8,0.9999774787,0.5
5114,GCAGATATTGCCTCGGGTTT,-22.7,73.1,0.9999999948,0.5
5172,AGTTACAGATGGCTAGCTGT,-19.3,70.1,0.9999990544,0.45
5347,GTATAGGTGGAGGGTTCTGG,-24.6,73.2,0.9999999984,0.55
5369,AGTGGACTGGGTGGGCATAT,-23.2,73.9,0.9999999919,0.55
5393,GTTGTTCAGTGGATAGAGGT,-20.7,70.2,0.9999994881,0.45
5459,TTCGTTTTAATTCGGGGGGA,-20,65.7,0.9999987023,0.45
5495,CGCGTTTGCCTTCAGTTGAA,-21.6,69.8,0.9999999742,0.5
5569,GTCGTTTCGCCTTTCCCTTT,-17.8,78.4,0.9999897663,0.5
5598,GTTCGTTTCGGTCTTGTAGT,-24.6,73,0.9999999992,0.45
5624,GCAATCCATTGGATGTTTCC,-15,68.5,0.9995655068,0.45
5659,TTGTGATTGAGCGGATCTGT,-18.2,67.1,0.9999823068,0.45
5708,GTTGTATCTCTTGTCGCCAT,-19.5,73.5,0.9999982255,0.45
5823,AGAGCCCCGTAATTTAGTGT,-19,70.2,0.9999962982,0.45
5865,AATGACCAACCCCCGCAATT,-14.3,67.1,0.997574541,0.5
5906,GTTTGCTGTGAATGGGGTTT,-22.5,69.5,0.9999999645,0.45
5946,GTTGAATTCGCATGGTTCAG,-12.6,64.8,0.9724459162,0.45
6130,TGTTGGCATCGTTGCTATCC,-15.3,73.2,0.9997961314,0.5
6154,CACTCAAATATGATCGGGGT,-11.2,61.4,0.8104608826,0.45
6187,GTGTGGACGGTTTTCGAAGC,-16.3,68.8,0.999906994,0.55
6209,GTTAGCGTGTGTGTGTGTGT,-24.7,76.5,0.999999999,0.5
6234,GTGTCTGTGTGTGTGTGTTG,-20.1,75.9,0.999999125,0.5
6301,GGAACCCCTTCTAGCTCTTC,-11.6,76.2,0.9534246212,0.55
6330,TCCGGATCTTTTTGTTGGCT,-12.1,72.1,0.9345187995,0.45
6352,GCACTTTGCTCTGCTCTGCT,-21.5,80.4,0.9999999803,0.55
6376,GGCCAGCTTACAATGTTCCT,-13.7,73.7,0.9942888949,0.5
6480,AATTGCCAGGGGTTGCAGGG,-14,75,0.9987863897,0.6
6502,GCTTTTTCAGCTGGTTCTAC,-16.3,72.5,0.9999288892,0.45
6529,CACCTTGGAAACGTTGCATT,-10.7,63.2,0.6888720113,0.45
6558,TTCGGCCCTTTGTCTGGCCT,-18.8,83.3,0.999999525,0.6
6580,TTTACACGGTGTCCACGTAT,-17.2,67.2,0.999975244,0.45
6602,TTGGGATTCTGGGTAGCGAC,-12.9,70.6,0.9751958267,0.55
6644,ATTTACAGCAGTTAGCAGCC,-11,70.5,0.8533394943,0.45
6836,CGTACAGTACACTTAGCTGA,-15.1,64.9,0.999338749,0.45
6932,TCATCATCTTCGACTGGACC,-16.8,68.6,0.9998912885,0.5
6962,TCCTCGTTCGTCTTTGGTGT,-22.2,76.7,0.9999999721,0.5
7173,ACTCGGCTCTTTGTATCGCT,-12.7,73.4,0.9742158008,0.5
7756,AGCTTGTAATTCGGGATGCA,-14.7,66.6,0.9974898597,0.45
7816,GGTATGTTCAGGGTTTTGGT,-19.4,73.2,0.9999975233,0.45
7838,TCTTGCTTGAGTGTGTGTCT,-23,74.4,0.9999999851,0.45
7861,TTCCTAATCTCCTCACTGGT,-16.6,72.2,0.9999409326,0.45
7884,TTGGATCAGCATGGGGTTCC,-12.4,75,0.9629945049,0.55
7906,TTTATTGTGGACTCGGATCG,-14.5,63.2,0.9955639685,0.45
7985,GAGTGGGCACAGTCGACTGT,-14.4,75.3,0.9999146959,0.6
8011,GGGGATACTATTTAAGGTGG,-20.2,62.6,0.9999984957,0.45
8051,GGAATGGAATGAGACGGATA,-19.5,56.9,0.999993868,0.45
8141,ACTAACTACGGATCTAAGGC,-11.3,60.2,0.6414668239,0.45
8183,GTTTCCGTTTTCCGGTTTTC,-18.3,73.4,0.9999974501,0.45
8228,CTAGCGTTTTTGCTTCAGAC,-18.2,67.7,0.9999942249,0.45
8285,TTTGGGTTTTTTTGAGCGCC,-17.5,70.7,0.9999663865,0.45
8364,AGGTTGAGCTCACACAAGAT,-16.2,65.3,0.9998985119,0.45
8407,TCAACTGCAGTTGGGAGTGA,-18.9,69,0.9999999196,0.5
8472,GGTTAGCGTTGATCGACTGA,-22.7,67.6,0.9999999902,0.5
8495,GTATGTGGGTTAGCGTATGT,-23.8,70.2,0.9999999943,0.45
8536,GTGAGAGCGGTGTATGTGGT,-25.5,74,0.9999999996,0.55
8635,AGTAGAGCGTAGAGTTGAGT,-11.9,67.7,0.8537320298,0.45
8657,AGGCTAGACTAGAGTTGAGT,-17.3,67.9,0.9999252255,0.45
8747,CTTGTTCTTGTTTTCCTGGG,-13.8,72.1,0.9926392597,0.45
8893,GTTTGTTGTGGCGTGTTAGT,-24.7,73.4,0.9999999987,0.45
8921,GGTTGGAATTGAACTGGAGA,-19.7,60.9,0.9999967451,0.45
9328,CCTGGTAGGTTGAATCAAGG,-18.8,65.2,0.9999961335,0.5
9385,TTGTGTGGTGATGTGTGGTG,-23.9,71.4,0.9999999951,0.5
9410,CCGGTTTGGTTGGTATTGTA,-19.3,70.3,0.9999972486,0.45
9432,ATTCAGTTCTGTCCGGTCCG,-18.9,76,0.9999971327,0.55
9494,ATGTCTGCGGTTCGGGTGGA,-19.3,76.8,0.9999985018,0.6
9555,GGTTCTGCATGATTGTTGCT,-21.6,72,0.9999999639,0.45
9579,GTTTGTGACTGGGTCTTGTT,-22.3,72.7,0.9999999803,0.45
9669,TGCGACTTCATCGTGTTCGA,-14.8,68.4,0.9994781235,0.5
9711,CTTATCGGGCGTAATACTAG,-13.4,61.2,0.9759800806,0.45
9933,TGCGCCATTGCTTGCTTGTT,-10.8,75.6,0.8885437307,0.5
9983,GGTTGAGATGGTGGTAGATT,-19.5,67.4,0.9999968995,0.45
10008,GGTAAGATCGATAGATTGGC,-17.3,61.4,0.9999576346,0.45
10035,AGTCGGTTGGGTTATTTCCC,-16.1,75.2,0.9999350919,0.5
10058,GATCAAATGTGACTTTCGGG,-14.8,60.1,0.9983605001,0.45
10143,TCCCTTGCGAATAGGCCTAA,-12,69.5,0.9742158008,0.5
10220,GTAACTAGAGCCAAGGCTTA,-10.8,65.6,0.7780954996,0.45
10266,TGCCAAGCCCCCCTTTTCGT,-15.5,81.8,0.9998657635,0.6
10305,AGGGTTGTCTGTCTGCGTGT,-18.6,79.9,0.9999955085,0.55
10327,AATGACTCGGGTGTGTGTGT,-19.3,69.9,0.9999970309,0.5
10411,GTGCTACTGGCATGGCATGG,-20.8,75.2,0.9999999362,0.6
10435,GCTAGGATATGTCTGCAATG,-11.2,64.3,0.7947927124,0.45
10460,GAGGTGGGCAAAAGAGCTAA,-19.1,62.3,0.9999935605,0.5
10482,TCTTTTTGGGGGAGTGTGGG,-22.5,74.3,0.9999999762,0.55
10504,GGCGATAGTGTGTGTATGCA,-19.3,71.1,0.9999973005,0.5
10526,TCTGCGATTAGTGTGTGCTC,-15.4,72.3,0.9992655838,0.5
10636,GCCGGATTTAACCTGTTTGG,-18.3,68.1,0.9999945261,0.5
10658,TATCATCGCTTTGACTGCCG,-17.4,68.1,0.999959707,0.5
10700,GGGGTCTCGAGGGTTCTTAA,-21.6,73.6,0.9999999156,0.55
10722,AGGATAACCGGGGGTTTGGA,-20.3,69.5,0.999999816,0.55
10759,TCAAAGGGCATTGCTAACGA,-13.3,61.1,0.974349873,0.45
10818,CGTTTTTTCTTGGGGAGCGA,-13.8,69.7,0.99317387,0.5
10842,TTATGGGAAAACCGACTGAG,-12.9,56.5,0.9706818014,0.45
10986,AGATCCGAGGGCATAGGCAA,-10.9,70.1,0.8680182029,0.55
11013,AATATGGTCGAGAGTGGCAT,-12.7,64.6,0.9483596792,0.45
11078,ATTCGGCGCAGGAGGGAGAA,-19.8,70.2,0.9999989501,0.6
11103,GCTGAAGCGATTCTTACAGT,-14.8,65.7,0.9992342034,0.45
11221,GGCATTTCTGGTTGCGATAG,-20.6,69.3,0.9999998384,0.5
11265,ATGCTACAGATGCTGCTGCT,-14.4,72.8,0.9991711786,0.5
11314,GTTCTAGACGCTGATGTTGT,-16.8,68.6,0.9998734552,0.45
11362,CCTCAGCATTTTGACAGGGC,-15,73.5,0.999020367,0.55
11407,AGCACAGGGAAACGGGACTT,-17.6,65.7,0.9999634188,0.55
11432,GATTGCACATGCACCGGAAT,-17.4,65.9,0.999982093,0.5
11493,ACTGTCGCGATCTCAATATC,-14.2,63.8,0.9967894052,0.45
11516,GCTTGACGCGATCTGATTCT,-12.5,68.4,0.9802414843,0.5
11541,GGATTTGAATTTGCTGGCAG,-14.3,64.2,0.9943191773,0.45
11588,GGGATTGCTTTGCTTTTGCT,-13.6,72.7,0.9965828754,0.45
11657,GCGTGCGCCGTTGTGTATAT,-25.1,74.1,0.9999999998,0.55
11719,GGTATGTTGGCTGTGGAGAT,-18.4,71.8,0.99998982,0.5
11745,GTTTAGAGTGTGTTGGGTGT,-23.5,73,0.9999999921,0.45
11767,TCCTGTGTGATAGTGTCTGT,-19.6,73.7,0.9999981752,0.45
11881,TCGAGTACTCGAGTCAAGGA,-14.3,65.4,0.9997848936,0.5
11912,GGCAAAGAGTAGTTGCTGAT,-14.5,64.8,0.9987277412,0.45
11977,GGGGACGTGGTCGTTTTGAT,-22.9,71.7,0.9999999962,0.55
12005,GTGGATGTGTGTGTCTTCTT,-20.6,73.7,0.9999995378,0.45
12039,TCTTCCGACCCAACAGACAA,-15.7,66.3,0.999531043,0.5
12079,GGATGATAATGGCCATGAGT,-18.9,64.3,0.9999982418,0.45
12119,GACTGTGTGTGTGTGCTTAA,-12.9,68.9,0.9660680419,0.45
12141,TTCGATAGTCTGTGTGTGTC,-16.2,69.8,0.9996775269,0.45
