Pos,Oligo(5'->3'),Overall (kcal/mol),Tm-Dup (degC),Hybeff,fGC
3481,TGTAAACCCTTCGAATGCCT,-10.8,65,0.6294391998,0.45
8141,ACTAACTACGGATCTAAGGC,-11.3,60.2,0.6414668239,0.45
4303,AGTCAAACGTCGGTCTCGAT,-10.1,65.6,0.654054161,0.5
975,ATCCTCGACCGCAACACTCA,-10.6,70.3,0.6721398418,0.55
6529,CACCTTGGAAACGTTGCATT,-10.7,63.2,0.6888720113,0.45
2820,GTAGTCGGCCACCACTCTGA,-10.2,78,0.7614419202,0.6
3669,CATATCCAACGGTGGTCATG,-10.5,65.4,0.7628332748,0.5
10220,GTAACTAGAGCCAAGGCTTA,-10.8,65.6,0.7780954996,0.45
10435,GCTAGGATATGTCTGCAATG,-11.2,64.3,0.7947927124,0.45
3148,ACCTCGTCTTCCTCGATTTT,-10.6,72,0.8022605632,0.45
6154,CACTCAAATATGATCGGGGT,-11.2,61.4,0.8104608826,0.45
3303,AGTACGGAATGATGGCGATT,-11.8,61.3,0.8186137363,0.45
4377,TGTAGTCGTTTCTGGCATCC,-11.3,74.5,0.8249115207,0.5
2143,CGGCAGCCGCATCAATAGGT,-10.1,73.1,0.8271882984,0.6
6644,ATTTACAGCAGTTAGCAGCC,-11,70.5,0.8533394943,0.45
8635,AGTAGAGCGTAGAGTTGAGT,-11.9,67.7,0.8537320298,0.45
3795,CGCGGTGATAGAAGTAGTTG,-12,62.9,0.8596676512,0.5
10986,AGATCCGAGGGCATAGGCAA,-10.9,70.1,0.8680182029,0.55
2987,CTCGAAGAGCAGCCAGACTT,-11.1,69.5,0.8800807806,0.55
1220,GCAGCTTATTGCTTCCCGTG,-10.5,76.2,0.8803422542,0.55
9933,TGCGCCATTGCTTGCTTGTT,-10.8,75.6,0.8885437307,0.5
4763,CCATTTGCTCTTACAGCTTG,-11.2,69.1,0.9007776531,0.45
4145,GAAGCCGTTTTGCTGCTGCT,-10.9,75.4,0.9073953447,0.55
1081,GCTGATAGCGAAGGACAGAG,-11.6,64.1,0.92605321,0.55
6330,TCCGGATCTTTTTGTTGGCT,-12.1,72.1,0.9345187995,0.45
3326,AACGACAGTCGCTAGTGTTA,-11.8,64.6,0.9405775135,0.45
4038,GTGAGGATGCTACCGGTTGT,-12.1,73.6,0.9432218861,0.55
2086,CATTTGTCATAGCCGAGAGT,-12.5,67.6,0.9454060221,0.45
11013,AATATGGTCGAGAGTGGCAT,-12.7,64.6,0.9483596792,0.45
6301,GGAACCCCTTCTAGCTCTTC,-11.6,76.2,0.9534246212,0.55
4669,GTCGCTTTAATGTCCCTTCT,-12.4,72.7,0.9587140186,0.45
1040,TGCGATTCGAGTCCCACTCA,-11.4,73.3,0.9600592406,0.55
7884,TTGGATCAGCATGGGGTTCC,-12.4,75,0.9629945049,0.55
54,TGCCACAACTTTTGCTGCTG,-12,69.7,0.9659424835,0.5
12119,GACTGTGTGTGTGTGCTTAA,-12.9,68.9,0.9660680419,0.45
10842,TTATGGGAAAACCGACTGAG,-12.9,56.5,0.9706818014,0.45
5946,GTTGAATTCGCATGGTTCAG,-12.6,64.8,0.9724459162,0.45
7173,ACTCGGCTCTTTGTATCGCT,-12.7,73.4,0.9742158008,0.5
10143,TCCCTTGCGAATAGGCCTAA,-12,69.5,0.9742158008,0.5
10759,TCAAAGGGCATTGCTAACGA,-13.3,61.1,0.974349873,0.45
6602,TTGGGATTCTGGGTAGCGAC,-12.9,70.6,0.9751958267,0.55
9711,CTTATCGGGCGTAATACTAG,-13.4,61.2,0.9759800806,0.45
3817,TGCATCTCCTCCTGATCCGT,-12.4,78.6,0.9770808739,0.55
3506,GGCTTTCAGAGTTCGTCCTA,-12.8,75.5,0.9775805713,0.5
1669,CTAGCTAAATTTTGCTGGCC,-12.3,66,0.9778022981,0.45
83,GCTGCTGTTGCAAGTGTTGC,-11.9,76.1,0.9778070538,0.55
11516,GCTTGACGCGATCTGATTCT,-12.5,68.4,0.9802414843,0.5
3375,GTGGACTGACTGGCGCTTTT,-12.9,73.1,0.9808744594,0.55
